PC_0,PC_1,PC_2,PC_3,PC_4,PC_5,PC_6,PC_7,PC_8,PC_9,PC_10,PC_11,PC_12,PC_13,PC_14,PC_15,PC_16,PC_17,PC_18,PC_19,PC_20,PC_21,PC_22,PC_23,PC_24,PC_25,PC_26,PC_27,PC_28,PC_29,PC_30,PC_31,PC_32,PC_33,PC_34,PC_35,PC_36,PC_37,PC_38,PC_39,PC_40,PC_41,PC_42,PC_43,PC_44,PC_45,PC_46,PC_47,PC_48,PC_49,PC_50,PC_51,PC_52,PC_53,PC_54,PC_55,PC_56,PC_57,PC_58,PC_59,PC_60,PC_61,PC_62,PC_63,PC_64,PC_65,PC_66,PC_67,PC_68,PC_69,PC_70,PC_71,PC_72,PC_73,PC_74,PC_75,PC_76,PC_77,PC_78,PC_79,PC_80,PC_81,PC_82,PC_83,PC_84,PC_85,PC_86,PC_87,PC_88,PC_89,PC_90,PC_91,PC_92,PC_93,PC_94,PC_95,PC_96,PC_97,PC_98,PC_99
-166.37411989136203,-26.25184307104647,8.742999197236307,-45.4278044457539,-2.5091134481966644,-9.87600288086128,4.449365948355707,-0.2324427418892841,-7.258314810365165,-10.640017114893102,,,,,,,,,,,,,,,,,,,,,,,,,,,,,,,,,,,,,,,,,,,,,,,,,,,,,,,,,,,,,,,,,,,,,,,,,,,,,,,,,,,,,,,,,,
673.8264767332449,-478.6419906513274,46.87460018382503,-29.628432439775377,4.616837638283249,-9.342160329527582,-236.71960417200137,38.34857977769396,20.492951028278075,-87.70373157974056,,,,,,,,,,,,,,,,,,,,,,,,,,,,,,,,,,,,,,,,,,,,,,,,,,,,,,,,,,,,,,,,,,,,,,,,,,,,,,,,,,,,,,,,,,
371.2005277225648,363.8987374422284,57.09121627498752,1004.05320831241,28.094779913231783,174.30136175807485,25.693940934533803,141.15347244742895,47.38025531341853,-87.96170740708278,,,,,,,,,,,,,,,,,,,,,,,,,,,,,,,,,,,,,,,,,,,,,,,,,,,,,,,,,,,,,,,,,,,,,,,,,,,,,,,,,,,,,,,,,,
748.8089025133789,309.6038463594492,-316.057105234658,693.4966489085876,15.63494137731972,354.4658217650901,289.79541219939875,-4.572437823878545,-214.28688010235263,142.6710149492153,,,,,,,,,,,,,,,,,,,,,,,,,,,,,,,,,,,,,,,,,,,,,,,,,,,,,,,,,,,,,,,,,,,,,,,,,,,,,,,,,,,,,,,,,,
1659.1898860801284,703.147383856417,351.0224880955548,454.1903844855324,58.69922928461413,-173.7009393973501,120.09312788802946,-212.9205296414794,-138.362892892534,-287.24332377154855,,,,,,,,,,,,,,,,,,,,,,,,,,,,,,,,,,,,,,,,,,,,,,,,,,,,,,,,,,,,,,,,,,,,,,,,,,,,,,,,,,,,,,,,,,
1607.0328455671702,78.02382914001453,87.01142698477571,449.03746281180025,182.5305647132489,31.159468838239547,114.78803829026307,-77.97494047100847,90.7034467609729,424.5696776307234,,,,,,,,,,,,,,,,,,,,,,,,,,,,,,,,,,,,,,,,,,,,,,,,,,,,,,,,,,,,,,,,,,,,,,,,,,,,,,,,,,,,,,,,,,
1342.3130155106398,345.2817173761163,407.57553396796425,546.0400089237293,-78.12564877440916,-403.7212299252121,467.5154667681457,9.346216683787356,-313.4763072174599,107.67852842984372,,,,,,,,,,,,,,,,,,,,,,,,,,,,,,,,,,,,,,,,,,,,,,,,,,,,,,,,,,,,,,,,,,,,,,,,,,,,,,,,,,,,,,,,,,
1317.5580279108744,366.7170489884188,-11.275104114337775,511.37091012247606,-149.3176187140804,-6.241080221021446,98.6116013047985,-165.8877968056636,41.81217937268984,-165.58358579286613,,,,,,,,,,,,,,,,,,,,,,,,,,,,,,,,,,,,,,,,,,,,,,,,,,,,,,,,,,,,,,,,,,,,,,,,,,,,,,,,,,,,,,,,,,
965.7478136253096,460.5705994313909,59.23900254737588,872.1653415544183,-343.86620154207725,14.691818258502822,452.4654768216623,193.39637729181192,-169.5555389955571,134.74887629112877,,,,,,,,,,,,,,,,,,,,,,,,,,,,,,,,,,,,,,,,,,,,,,,,,,,,,,,,,,,,,,,,,,,,,,,,,,,,,,,,,,,,,,,,,,
520.912022797486,-66.99343341081872,-123.0120823750568,1028.1173011362675,-420.1635934271718,224.6676980535594,-25.58447028520616,-87.03544017546376,307.70915748583263,1.7690370655867966,,,,,,,,,,,,,,,,,,,,,,,,,,,,,,,,,,,,,,,,,,,,,,,,,,,,,,,,,,,,,,,,,,,,,,,,,,,,,,,,,,,,,,,,,,
-163.37068935747195,-24.39017246435253,5.720773913426714,-43.46134822117919,-1.6246109409449758,-8.090735406132316,2.982215744926118,2.9538551335220062,-5.78314080853292,-8.065010149089964,8.33891225484512,1.812593168706732,3.5859141358566418,4.9420083269020685,-4.41637773720012,1.5852080079961222,1.775036066991987,-1.1110450092289668,2.12743112227123,-2.7200119264959044,-3.77197775692399,5.130356505816379,0.8084544651387268,1.0724229764925812,-2.495765052375752,-0.14381182304948,1.7000494066914704,1.5502570500872928,1.2187880191202922,-1.7969438092249137,-2.943999598022064,-1.0183967591974434,1.4720489452295578,-0.2712953592960663,-0.328223018763968,-0.7658056522949988,-0.4140604072703711,-1.3795183531855115,0.9738846921944576,1.090029118736827,-0.4745066598057872,0.3808033478891006,0.627219784670281,-0.4688623463688079,-0.2329467386282195,-0.7156641810052834,0.0210108356163682,-2.355217677372856,1.1155004433767977,-0.116018704404429,0.2554376871998132,-0.8031160290611558,-0.4262042317695728,-0.6150493334363133,0.1991855812278499,-1.032734706717665,-0.3219693813153015,-0.2239566415435945,-0.1216951533680386,-0.4679855920880604,-0.6132414178137499,0.3526160557817335,-0.4992243185754605,-0.208065474568255,0.2263731232545473,-0.2700740190220672,0.1501922477835827,-0.0935254311415131,0.5959849169800684,-0.1544161939795034,-0.5111359869320656,-0.2423745325650084,0.0116924316087724,0.3185804012019058,0.1384146938686523,-0.0030603626420559,-0.1056941820175901,-0.1851505992780116,1.1133493460575448,-0.0334609054467064,0.2292269407959583,0.4666363995801529,-0.125257540641612,0.2320487668060901,-0.4244259321585371,0.0577234359109705,0.2678485817338379,-0.2978253720604797,-0.0704279706491975,-0.2655092550929983,-0.0056148555036463,-0.0835175128550849,-0.0041554661496291,0.2009119946408959,-0.1426963691571044,0.0014774436417033,0.0221053482025671,0.0381049808966665,-0.1774672445678294,0.0489074734709556
-165.22761929923044,-24.215589526212003,8.377934316819587,-45.23157775197927,-2.647967564958618,-9.143810166592942,4.482092481310392,0.2393033654465856,-6.735305874169602,-9.169198260805196,8.109491734860583,1.7074574343566644,4.209098920701141,5.260127237067035,-5.798994392272218,,,,,,,,,,,,,,,,,,,,,,,,,,,,,,,,,,,,,,,,,,,,,,,,,,,,,,,,,,,,,,,,,,,,,,,,,,,,,,,,,,,,,
722.4357156485759,-463.7645756871806,72.76746187441911,-72.18512133183808,12.932493894782128,-27.04622253028525,-230.769977761195,41.30586162938915,11.059558702355742,-93.95761214176385,34.8421467848025,-3.640878123220045,-55.81539620888217,16.737320271740547,-31.087752179281257,,,,,,,,,,,,,,,,,,,,,,,,,,,,,,,,,,,,,,,,,,,,,,,,,,,,,,,,,,,,,,,,,,,,,,,,,,,,,,,,,,,,,
679.2470812892657,-187.5450355391027,-200.064920385254,500.294640026468,8.872522993702304,266.75033780043486,-444.7160321086742,56.52465617405972,247.3018710382009,2.200043499499316,-93.11894834464633,98.64284974378326,156.36509351476317,74.26517167665723,-86.41407517050305,,,,,,,,,,,,,,,,,,,,,,,,,,,,,,,,,,,,,,,,,,,,,,,,,,,,,,,,,,,,,,,,,,,,,,,,,,,,,,,,,,,,,
873.8331646385686,-70.96265244949217,-163.37841924859387,471.1499140170188,-97.7471747244623,11.13394326528127,184.634847638352,-170.95855465360964,-153.65836033120453,-218.9858339017661,-348.1602911295124,136.977027732011,-79.48065381542669,175.3309161578039,79.84779586003566,,,,,,,,,,,,,,,,,,,,,,,,,,,,,,,,,,,,,,,,,,,,,,,,,,,,,,,,,,,,,,,,,,,,,,,,,,,,,,,,,,,,,
690.5336435981021,375.3803096834612,-342.9906231862525,720.3996558198183,30.896499761247306,390.66796628314194,389.81931608526185,3.039264677190568,-260.1299427604471,206.83922713674536,-113.45165870014448,51.78262144609105,-48.76852350955846,82.43790670783048,-76.22179058987712,,,,,,,,,,,,,,,,,,,,,,,,,,,,,,,,,,,,,,,,,,,,,,,,,,,,,,,,,,,,,,,,,,,,,,,,,,,,,,,,,,,,,
1607.0328455981703,78.0238295568342,87.01146414992702,449.0376498183579,182.5325020039477,31.186029599980927,114.76860890640944,-77.95245790875842,90.84592950228416,424.205912770364,63.41608670702352,-144.43950587062622,128.91410689012395,-41.48549237050359,-5.206609507704965,,,,,,,,,,,,,,,,,,,,,,,,,,,,,,,,,,,,,,,,,,,,,,,,,,,,,,,,,,,,,,,,,,,,,,,,,,,,,,,,,,,,,
1317.5580285544474,366.7170483280824,-11.274507802483054,511.37117953748526,-149.31347178292344,-6.258956988973271,98.53101612552749,-165.96214304763498,41.79642968147389,-165.44581319650885,-17.98738915669738,-79.22700850236885,-411.8246860982121,-24.88503006250665,22.40374899584324,,,,,,,,,,,,,,,,,,,,,,,,,,,,,,,,,,,,,,,,,,,,,,,,,,,,,,,,,,,,,,,,,,,,,,,,,,,,,,,,,,,,,
669.1850096885199,-207.2831896763641,-340.504085454599,525.2580160279132,-56.01149684605858,84.20456079059998,-71.95846116391098,113.59336390877996,53.67470453050001,-339.1364362079788,-560.9286889471696,-48.72974603404054,-54.87720859023884,210.4259279159152,-95.2735308842882,,,,,,,,,,,,,,,,,,,,,,,,,,,,,,,,,,,,,,,,,,,,,,,,,,,,,,,,,,,,,,,,,,,,,,,,,,,,,,,,,,,,,
520.9120220136037,-66.99343138420905,-123.01253778469194,1028.1174410112749,-420.1607470037971,224.6378096536725,-25.63587837527236,-87.08845049905041,308.04589150868287,1.4375828887962632,-38.50961694215456,-175.89020020107077,-11.526799142297008,23.373308131404503,-219.6647500851504,,,,,,,,,,,,,,,,,,,,,,,,,,,,,,,,,,,,,,,,,,,,,,,,,,,,,,,,,,,,,,,,,,,,,,,,,,,,,,,,,,,,,
-171.74696587805704,-25.67562776837337,7.750108769909103,-49.86377169636595,-4.141934771937683,-10.44382890334625,4.451090335304785,0.5681799023665313,-7.685618476047453,-10.526288046509618,9.06919780963646,2.159082754297167,5.433813784220287,6.350359745296567,-6.269954089163189,2.9145204040764114,4.273775919078031,-2.405670813898403,1.3316762930720332,2.709517947213064,,,,,,,,,,,,,,,,,,,,,,,,,,,,,,,,,,,,,,,,,,,,,,,,,,,,,,,,,,,,,,,,,,,,,,,,,,,,,,,,
678.1904599103948,-554.5617627875527,35.193780347464255,53.02090698970052,-19.535527364711434,-5.524488574953251,-269.10647451074,45.88907666936266,56.13630378367154,-75.6235222537973,25.568098734491915,-8.16187728054318,-80.26233092956588,46.2899233687507,-11.17302464107545,-2.880368215477866,52.92529019763027,-30.55102710263588,16.344240052893767,31.73743109976763,,,,,,,,,,,,,,,,,,,,,,,,,,,,,,,,,,,,,,,,,,,,,,,,,,,,,,,,,,,,,,,,,,,,,,,,,,,,,,,,
839.7118768574529,563.7038015454056,14.992811723563529,-190.283726737238,246.9881159392168,53.64522157261917,49.988260598810605,-55.90891713438973,-9.547285692836772,257.72413271376206,212.8440987148758,66.64393739680987,206.43411572342475,-0.6650747216706961,-3.516065680049989,-47.822192251788366,-94.61221311184153,-14.615375324092463,151.75301358632254,22.960034716746083,,,,,,,,,,,,,,,,,,,,,,,,,,,,,,,,,,,,,,,,,,,,,,,,,,,,,,,,,,,,,,,,,,,,,,,,,,,,,,,,
885.309893905952,-68.03544426934532,-724.7619478009208,640.2473081973851,-31.15056310168332,38.39488927525731,-383.95046653841325,-76.79503191043236,362.3671620086799,3.3503747428818755,16.66141628723297,-120.47842878682192,-99.83940493741856,195.5182071468555,227.0369601839556,-65.78408330949733,26.441357289640912,83.34448804424586,34.242197909791386,161.58290708659416,,,,,,,,,,,,,,,,,,,,,,,,,,,,,,,,,,,,,,,,,,,,,,,,,,,,,,,,,,,,,,,,,,,,,,,,,,,,,,,,
873.751876044174,-160.00606938426313,-39.99866719210219,470.1491809841149,-17.23645462687739,201.1638698461515,-399.29408139272704,53.7153274677313,246.0387621128092,-94.94133850338272,-176.5725213062913,-0.2699192783639148,142.66871714936093,50.38549174856766,-111.29652141889,-44.50457961440658,-169.56060901648976,75.17065586721318,100.25285217915832,119.6469968939192,,,,,,,,,,,,,,,,,,,,,,,,,,,,,,,,,,,,,,,,,,,,,,,,,,,,,,,,,,,,,,,,,,,,,,,,,,,,,,,,
1607.0328457632431,78.02383036108796,87.01135803209776,449.0377055874868,182.53209464233936,31.16987574227353,114.79663164287956,-77.92931625883696,90.75321391264926,424.3360138103095,63.38852838027811,-144.4844915122785,129.37735407990328,-39.322521913370274,-2.9382963735165344,-70.1651140410879,-114.50169315602596,-3.3581295283345383,21.04752383192522,-28.71093689460984,,,,,,,,,,,,,,,,,,,,,,,,,,,,,,,,,,,,,,,,,,,,,,,,,,,,,,,,,,,,,,,,,,,,,,,,,,,,,,,,
1087.694543886436,168.91464798180684,-511.61018130222857,526.0726802480212,330.4265735171762,328.08824780427165,-491.0809570451174,-115.62465830559344,54.757980990910525,18.277079404217112,48.36179015213003,-167.3340897439145,-46.96570056816784,105.4193703952447,-18.4149930743434,53.606667836344805,328.02016946051424,-16.194010635664974,-156.12439057845285,-15.62857668459078,,,,,,,,,,,,,,,,,,,,,,,,,,,,,,,,,,,,,,,,,,,,,,,,,,,,,,,,,,,,,,,,,,,,,,,,,,,,,,,,
918.1876224241516,-107.6690184300088,-116.90525351339424,597.5540360868438,-83.59699448389647,27.356602988046788,225.74964548418328,-42.39793311140896,-198.0778843930229,-183.44221275017247,-416.33227035060935,64.51343844426393,-95.94848826945191,172.62223244058904,117.48480013785807,35.418955253987626,-66.6402665994147,-24.21803919072197,69.55698035342856,31.14338955826478,,,,,,,,,,,,,,,,,,,,,,,,,,,,,,,,,,,,,,,,,,,,,,,,,,,,,,,,,,,,,,,,,,,,,,,,,,,,,,,,
742.7471857088708,-430.4821725932231,-372.8975229939759,559.584880985924,185.1557474661884,119.177383835792,-517.0082143467092,101.829747874323,192.5540229515541,99.03021370053894,9.000626270981938,125.9954493086201,118.6467606060836,143.90644908741356,-9.490018387706362,7.150394028948965,-65.65911556368128,91.84854101635608,68.86261525772449,153.38757194610272,,,,,,,,,,,,,,,,,,,,,,,,,,,,,,,,,,,,,,,,,,,,,,,,,,,,,,,,,,,,,,,,,,,,,,,,,,,,,,,,
740.5288964518948,486.8131128694087,-199.9477956235304,657.5742460642022,111.84239333861656,478.2334112538551,405.53317480002426,31.71829314952367,-306.2713268397176,142.91837013049542,-73.45215088550799,5.904125986115609,-89.70679145759175,7.560412264419019,-72.80849404274015,-76.13158620785754,14.259677504675722,86.0161151459474,240.9992815985661,-25.563642701500267,,,,,,,,,,,,,,,,,,,,,,,,,,,,,,,,,,,,,,,,,,,,,,,,,,,,,,,,,,,,,,,,,,,,,,,,,,,,,,,,
687.2105746933388,700.088933844084,233.1257613130435,30.390102904748662,-150.51659608388837,390.37293805849777,29.57383747899031,4.510178491782712,446.5567972639111,93.4306029892854,-64.00773611127484,-55.818885464884346,-18.11355993087816,-179.5255483810887,-33.261920023903194,82.392115548616,84.01966749412745,209.2354365881837,8.032762918241858,-96.2326320361181,,,,,,,,,,,,,,,,,,,,,,,,,,,,,,,,,,,,,,,,,,,,,,,,,,,,,,,,,,,,,,,,,,,,,,,,,,,,,,,,
669.1850096458372,-207.28319044529687,-340.5040442490419,525.2579977775856,-56.01110401171015,84.20904646631716,-71.96654355265393,113.58520807048448,53.71311475887416,-339.1620801999467,-560.9009393654045,-48.75061943829087,-55.061152624192175,209.53418022076693,-95.87616561736782,242.79394456296555,-67.53400915744079,6.507246238294299,-4.275247042795358,31.87486587863524,,,,,,,,,,,,,,,,,,,,,,,,,,,,,,,,,,,,,,,,,,,,,,,,,,,,,,,,,,,,,,,,,,,,,,,,,,,,,,,,
522.5634671926568,-110.30258586755504,109.45418468501008,746.6549810187092,-34.298825484172966,27.813332042433306,23.513916992289538,-6.907157339944518,87.2101927425947,151.30922039705996,-169.8628787528834,-184.58130704946151,-83.77954154194511,189.37352498641496,11.982177233159954,-106.72171227385464,16.865910165571915,-24.6655465416667,99.65621673972666,183.4212609637616,,,,,,,,,,,,,,,,,,,,,,,,,,,,,,,,,,,,,,,,,,,,,,,,,,,,,,,,,,,,,,,,,,,,,,,,,,,,,,,,
374.2628595627912,539.6702946145753,40.78489753858508,770.8207983281243,110.37935628008064,115.8307781008772,455.9961880535784,140.73942486227003,67.35185993792201,301.2636648303183,111.2702824763992,-122.34337528702036,-153.68364325539096,-68.58325179180572,85.34856979075478,58.69992724046811,8.317305869292312,-35.651045216018225,-42.52707817799813,-72.33661057373328,,,,,,,,,,,,,,,,,,,,,,,,,,,,,,,,,,,,,,,,,,,,,,,,,,,,,,,,,,,,,,,,,,,,,,,,,,,,,,,,
-173.57776724691522,-26.56753358050121,,,,,,,,,,,,,,,,,,,,,,,,,,,,,,,,,,,,,,,,,,,,,,,,,,,,,,,,,,,,,,,,,,,,,,,,,,,,,,,,,,,,,,,,,,,,,,,,,,
-168.99140543249644,-23.53780835795086,10.579630947048532,-47.51079520111722,-5.5994786224104125,,,,,,,,,,,,,,,,,,,,,,,,,,,,,,,,,,,,,,,,,,,,,,,,,,,,,,,,,,,,,,,,,,,,,,,,,,,,,,,,,,,,,,,,,,,,,,,
760.0897389302019,-305.05323840205136,99.25090983647686,-205.43596209477656,17.04624659951864,,,,,,,,,,,,,,,,,,,,,,,,,,,,,,,,,,,,,,,,,,,,,,,,,,,,,,,,,,,,,,,,,,,,,,,,,,,,,,,,,,,,,,,,,,,,,,,
348.7716829451697,215.67705949427776,14.32337417076916,1040.3806248542876,71.61294833944216,,,,,,,,,,,,,,,,,,,,,,,,,,,,,,,,,,,,,,,,,,,,,,,,,,,,,,,,,,,,,,,,,,,,,,,,,,,,,,,,,,,,,,,,,,,,,,,
773.3781562562611,-32.52238198075247,-746.6288368525014,726.7370025789645,11.42242908158425,,,,,,,,,,,,,,,,,,,,,,,,,,,,,,,,,,,,,,,,,,,,,,,,,,,,,,,,,,,,,,,,,,,,,,,,,,,,,,,,,,,,,,,,,,,,,,,
1607.0328441243323,78.02383401479761,87.01176038799079,449.035969589324,182.57553510886623,,,,,,,,,,,,,,,,,,,,,,,,,,,,,,,,,,,,,,,,,,,,,,,,,,,,,,,,,,,,,,,,,,,,,,,,,,,,,,,,,,,,,,,,,,,,,,,
965.7478142857186,460.5705613376865,59.2386114071383,872.1653587120928,-343.8708865908625,,,,,,,,,,,,,,,,,,,,,,,,,,,,,,,,,,,,,,,,,,,,,,,,,,,,,,,,,,,,,,,,,,,,,,,,,,,,,,,,,,,,,,,,,,,,,,,
520.9120150176116,-66.9935158160414,-123.01577203818456,1028.1180816999297,-420.1219955484391,,,,,,,,,,,,,,,,,,,,,,,,,,,,,,,,,,,,,,,,,,,,,,,,,,,,,,,,,,,,,,,,,,,,,,,,,,,,,,,,,,,,,,,,,,,,,,,
-170.110780791052,-23.276489028466447,11.316578041949228,-45.7112535734804,-4.223250343204738,-9.166395170831086,,,,,,,,,,,,,,,,,,,,,,,,,,,,,,,,,,,,,,,,,,,,,,,,,,,,,,,,,,,,,,,,,,,,,,,,,,,,,,,,,,,,,,,,,,,,,,
883.8958790087032,-394.7388428065999,134.65158128467294,-146.15681355443903,26.26953239998786,-108.50871039303378,,,,,,,,,,,,,,,,,,,,,,,,,,,,,,,,,,,,,,,,,,,,,,,,,,,,,,,,,,,,,,,,,,,,,,,,,,,,,,,,,,,,,,,,,,,,,,
773.3781556697467,-32.52245517826887,-746.6297984782092,726.7394207293279,11.449399349632882,54.44444949446146,,,,,,,,,,,,,,,,,,,,,,,,,,,,,,,,,,,,,,,,,,,,,,,,,,,,,,,,,,,,,,,,,,,,,,,,,,,,,,,,,,,,,,,,,,,,,,
1659.189898967709,703.1472583286687,351.0269240102231,454.1786181489773,58.70850173270658,-173.3634835780511,,,,,,,,,,,,,,,,,,,,,,,,,,,,,,,,,,,,,,,,,,,,,,,,,,,,,,,,,,,,,,,,,,,,,,,,,,,,,,,,,,,,,,,,,,,,,,
1607.0328449386975,78.02384217634078,87.01114808581858,449.0408908571858,182.5199691810964,31.37647228545548,,,,,,,,,,,,,,,,,,,,,,,,,,,,,,,,,,,,,,,,,,,,,,,,,,,,,,,,,,,,,,,,,,,,,,,,,,,,,,,,,,,,,,,,,,,,,,
965.7478099347112,460.5707371284578,59.23821626117391,872.1865833347993,-343.90605103449815,15.907172744769868,,,,,,,,,,,,,,,,,,,,,,,,,,,,,,,,,,,,,,,,,,,,,,,,,,,,,,,,,,,,,,,,,,,,,,,,,,,,,,,,,,,,,,,,,,,,,,
520.9120272723835,-66.99348728682773,-123.01073187713772,1028.1170874578872,-420.1831290129912,224.9456546329341,,,,,,,,,,,,,,,,,,,,,,,,,,,,,,,,,,,,,,,,,,,,,,,,,,,,,,,,,,,,,,,,,,,,,,,,,,,,,,,,,,,,,,,,,,,,,,
-169.53020007350446,-23.05414480231145,11.071809191009798,-47.36569970593359,-4.537696459070934,-9.660790637257646,4.06341829494318,,,,,,,,,,,,,,,,,,,,,,,,,,,,,,,,,,,,,,,,,,,,,,,,,,,,,,,,,,,,,,,,,,,,,,,,,,,,,,,,,,,,,,,,,,,,,
891.6891422800766,-339.971361060698,137.43663668319414,-209.04646916990265,18.97514241229217,-95.4522180531256,-99.68614018701616,,,,,,,,,,,,,,,,,,,,,,,,,,,,,,,,,,,,,,,,,,,,,,,,,,,,,,,,,,,,,,,,,,,,,,,,,,,,,,,,,,,,,,,,,,,,,
276.9918087510218,337.9703536935766,133.3109679303774,929.6364745118836,200.6374379092321,241.7003426641905,62.50297034601187,,,,,,,,,,,,,,,,,,,,,,,,,,,,,,,,,,,,,,,,,,,,,,,,,,,,,,,,,,,,,,,,,,,,,,,,,,,,,,,,,,,,,,,,,,,,,
691.18280072882,324.77035307722025,-480.5185839182251,799.5481344886806,-213.37674925056268,343.15603941756626,312.64613137697137,,,,,,,,,,,,,,,,,,,,,,,,,,,,,,,,,,,,,,,,,,,,,,,,,,,,,,,,,,,,,,,,,,,,,,,,,,,,,,,,,,,,,,,,,,,,,
1659.1898856128323,703.1473754309842,351.0227061245819,454.18948631490224,58.70508221278816,-173.4977647556604,120.1673129723908,,,,,,,,,,,,,,,,,,,,,,,,,,,,,,,,,,,,,,,,,,,,,,,,,,,,,,,,,,,,,,,,,,,,,,,,,,,,,,,,,,,,,,,,,,,,,
1607.0328453768518,78.02383278111978,87.01116497702667,449.0365675142123,182.5289762652889,31.31134010593,114.47789244195567,,,,,,,,,,,,,,,,,,,,,,,,,,,,,,,,,,,,,,,,,,,,,,,,,,,,,,,,,,,,,,,,,,,,,,,,,,,,,,,,,,,,,,,,,,,,,
965.7478168822712,460.5705809725305,59.23666020668645,872.1641088407914,-343.95241574785985,16.700414014975788,450.780149891107,,,,,,,,,,,,,,,,,,,,,,,,,,,,,,,,,,,,,,,,,,,,,,,,,,,,,,,,,,,,,,,,,,,,,,,,,,,,,,,,,,,,,,,,,,,,,
520.9120222340259,-66.9934254363933,-123.0117059616769,1028.1131603801955,-420.1152081776276,225.01440757877427,-25.710154238360825,,,,,,,,,,,,,,,,,,,,,,,,,,,,,,,,,,,,,,,,,,,,,,,,,,,,,,,,,,,,,,,,,,,,,,,,,,,,,,,,,,,,,,,,,,,,,
436.2657092257648,-152.09692038438283,217.48811843172788,811.6756013071399,251.5826910371001,289.0540149625481,311.3692503759703,,,,,,,,,,,,,,,,,,,,,,,,,,,,,,,,,,,,,,,,,,,,,,,,,,,,,,,,,,,,,,,,,,,,,,,,,,,,,,,,,,,,,,,,,,,,,
-168.56089776041975,-25.41018435498917,8.67541311518309,-47.121822775669045,-3.2484407609737493,-10.593453040906816,4.6482034745480725,-0.1410020621163072,,,,,,,,,,,,,,,,,,,,,,,,,,,,,,,,,,,,,,,,,,,,,,,,,,,,,,,,,,,,,,,,,,,,,,,,,,,,,,,,,,,,,,,,,,,,
826.7800826839685,-509.121371247436,101.08468952982552,-45.84232037722589,31.75163641003841,-64.89226501053126,-204.3551120716328,31.596817703648306,,,,,,,,,,,,,,,,,,,,,,,,,,,,,,,,,,,,,,,,,,,,,,,,,,,,,,,,,,,,,,,,,,,,,,,,,,,,,,,,,,,,,,,,,,,,
558.0244437731077,349.4106133229228,-463.0176483078921,819.9554481713084,-213.97768027783687,332.96915469212814,247.8181124337489,-84.7793029527265,,,,,,,,,,,,,,,,,,,,,,,,,,,,,,,,,,,,,,,,,,,,,,,,,,,,,,,,,,,,,,,,,,,,,,,,,,,,,,,,,,,,,,,,,,,,
1659.1898836597975,703.1473673165647,351.0230880988472,454.1934169865837,58.70580186273634,-173.08339026643995,119.91476601228638,-213.66966651241995,,,,,,,,,,,,,,,,,,,,,,,,,,,,,,,,,,,,,,,,,,,,,,,,,,,,,,,,,,,,,,,,,,,,,,,,,,,,,,,,,,,,,,,,,,,,
1342.3130157812848,345.2817207838836,407.57613359764497,546.0403455272215,-78.11279042215322,-403.72871568843215,467.4551310906167,9.255771561081309,,,,,,,,,,,,,,,,,,,,,,,,,,,,,,,,,,,,,,,,,,,,,,,,,,,,,,,,,,,,,,,,,,,,,,,,,,,,,,,,,,,,,,,,,,,,
965.7478137457152,460.57059745348863,59.24091052475208,872.1670906598267,-343.83019305044706,15.252195330871192,452.15461529425374,192.6520233637045,,,,,,,,,,,,,,,,,,,,,,,,,,,,,,,,,,,,,,,,,,,,,,,,,,,,,,,,,,,,,,,,,,,,,,,,,,,,,,,,,,,,,,,,,,,,
520.9120216637608,-66.99342990242906,-123.01264444889787,1028.1173927532918,-420.1648193418175,224.72461847043544,-25.60305721912495,-86.97116587341601,,,,,,,,,,,,,,,,,,,,,,,,,,,,,,,,,,,,,,,,,,,,,,,,,,,,,,,,,,,,,,,,,,,,,,,,,,,,,,,,,,,,,,,,,,,,
436.26570827681695,-152.0969354571947,217.48652391745603,811.6757399687749,251.5426581406794,289.93654473869464,310.8324313150329,-158.61397307518848,,,,,,,,,,,,,,,,,,,,,,,,,,,,,,,,,,,,,,,,,,,,,,,,,,,,,,,,,,,,,,,,,,,,,,,,,,,,,,,,,,,,,,,,,,,,
-167.5711395601404,-26.27625426512401,8.56432887858258,-44.89821728119836,-2.280322748127312,-10.357273198311972,5.233049126451854,0.1270062824375979,-7.103229697405223,,,,,,,,,,,,,,,,,,,,,,,,,,,,,,,,,,,,,,,,,,,,,,,,,,,,,,,,,,,,,,,,,,,,,,,,,,,,,,,,,,,,,,,,,,,
778.0370270782737,-563.3060692647321,74.03826751159957,30.907455054238373,23.519328431112243,-31.27264799080786,-230.19386323184344,52.51283464475785,7.332484332167536,,,,,,,,,,,,,,,,,,,,,,,,,,,,,,,,,,,,,,,,,,,,,,,,,,,,,,,,,,,,,,,,,,,,,,,,,,,,,,,,,,,,,,,,,,,
324.84280132109234,335.51294538116565,189.0004899117027,993.0422144346644,151.59866449500092,211.55754160334632,19.69750660722078,78.87617123177237,24.87036788308877,,,,,,,,,,,,,,,,,,,,,,,,,,,,,,,,,,,,,,,,,,,,,,,,,,,,,,,,,,,,,,,,,,,,,,,,,,,,,,,,,,,,,,,,,,,
749.2416752560116,275.8638781206725,-407.7411019556486,746.2609493292072,-147.17172057836183,322.33385885783736,239.0447986481801,-60.83957754399693,-98.49187118374888,,,,,,,,,,,,,,,,,,,,,,,,,,,,,,,,,,,,,,,,,,,,,,,,,,,,,,,,,,,,,,,,,,,,,,,,,,,,,,,,,,,,,,,,,,,
1000.0084011786682,143.31255734228077,-557.7792720153852,446.073234729657,336.4495452106603,281.50247885602323,-574.3137664460388,-126.17064096164066,30.705504012697183,,,,,,,,,,,,,,,,,,,,,,,,,,,,,,,,,,,,,,,,,,,,,,,,,,,,,,,,,,,,,,,,,,,,,,,,,,,,,,,,,,,,,,,,,,,
1342.3130151128353,345.28171770399774,407.5758269744623,546.0389308010788,-78.12477552428523,-403.709615213128,467.46242583972816,9.603882234777926,-313.5632956291921,,,,,,,,,,,,,,,,,,,,,,,,,,,,,,,,,,,,,,,,,,,,,,,,,,,,,,,,,,,,,,,,,,,,,,,,,,,,,,,,,,,,,,,,,,,
1194.7474550840734,504.3942190420221,-167.12354963884405,198.17970550153063,-301.5561176911657,329.4753527904897,127.25655796636464,-469.59546632242495,-94.29765012828194,,,,,,,,,,,,,,,,,,,,,,,,,,,,,,,,,,,,,,,,,,,,,,,,,,,,,,,,,,,,,,,,,,,,,,,,,,,,,,,,,,,,,,,,,,,
965.7478115649756,460.57058875836526,59.24001904274299,872.1637344438091,-343.838252013856,14.611326799318707,452.0567552999152,193.8595222119024,-169.3845449026448,,,,,,,,,,,,,,,,,,,,,,,,,,,,,,,,,,,,,,,,,,,,,,,,,,,,,,,,,,,,,,,,,,,,,,,,,,,,,,,,,,,,,,,,,,,
565.0467217602795,271.16914240866345,-647.4153405784706,613.5931365873134,-41.30725768031952,266.1907768778246,-451.40400743105874,-270.23049893488974,391.0196255206568,,,,,,,,,,,,,,,,,,,,,,,,,,,,,,,,,,,,,,,,,,,,,,,,,,,,,,,,,,,,,,,,,,,,,,,,,,,,,,,,,,,,,,,,,,,
520.9120225814435,-66.99343197330212,-123.01277330061626,1028.1183372457615,-420.162597450044,224.6632987302121,-25.5942641493305,-87.20234917520857,308.0512063565725,,,,,,,,,,,,,,,,,,,,,,,,,,,,,,,,,,,,,,,,,,,,,,,,,,,,,,,,,,,,,,,,,,,,,,,,,,,,,,,,,,,,,,,,,,,
426.8593521413288,-36.78661357588173,-238.52845261025743,1008.5146036193452,101.62844203068168,148.42694594076883,-119.72326199570936,229.0071039149996,-263.8531844475183,,,,,,,,,,,,,,,,,,,,,,,,,,,,,,,,,,,,,,,,,,,,,,,,,,,,,,,,,,,,,,,,,,,,,,,,,,,,,,,,,,,,,,,,,,,
-167.5298415538769,-23.32879973019661,10.928313556459267,-46.50790028299653,-5.192906763896383,,,,,,,,,,,,,,,,,,,,,,,,,,,,,,,,,,,,,,,,,,,,,,,,,,,,,,,,,,,,,,,,,,,,,,,,,,,,,,,,,,,,,,,,,,,,,,,
765.337987693223,-307.8033834644717,99.88829984946264,-203.051806936456,16.290365185416704,,,,,,,,,,,,,,,,,,,,,,,,,,,,,,,,,,,,,,,,,,,,,,,,,,,,,,,,,,,,,,,,,,,,,,,,,,,,,,,,,,,,,,,,,,,,,,,
348.7716868867775,215.6771053657261,14.323296154588125,1040.3807180459685,71.48896584375919,,,,,,,,,,,,,,,,,,,,,,,,,,,,,,,,,,,,,,,,,,,,,,,,,,,,,,,,,,,,,,,,,,,,,,,,,,,,,,,,,,,,,,,,,,,,,,,
1659.1898807352522,703.1474047876222,351.0194206209956,454.1959860784378,58.62076572712728,,,,,,,,,,,,,,,,,,,,,,,,,,,,,,,,,,,,,,,,,,,,,,,,,,,,,,,,,,,,,,,,,,,,,,,,,,,,,,,,,,,,,,,,,,,,,,,
1607.032846564966,78.02383446392314,87.01034119729957,449.03798584970144,182.493214586053,,,,,,,,,,,,,,,,,,,,,,,,,,,,,,,,,,,,,,,,,,,,,,,,,,,,,,,,,,,,,,,,,,,,,,,,,,,,,,,,,,,,,,,,,,,,,,,
965.7478189403034,460.5706853054544,59.24383853380256,872.1649573193245,-343.7971345138344,,,,,,,,,,,,,,,,,,,,,,,,,,,,,,,,,,,,,,,,,,,,,,,,,,,,,,,,,,,,,,,,,,,,,,,,,,,,,,,,,,,,,,,,,,,,,,,
520.91202093347,-66.9934176346182,-123.01585854665166,1028.1197171916583,-420.32065679354776,,,,,,,,,,,,,,,,,,,,,,,,,,,,,,,,,,,,,,,,,,,,,,,,,,,,,,,,,,,,,,,,,,,,,,,,,,,,,,,,,,,,,,,,,,,,,,,
-167.5298415538769,-23.32879973019661,10.928313556459267,-46.50790028299653,-5.192906763896383,,,,,,,,,,,,,,,,,,,,,,,,,,,,,,,,,,,,,,,,,,,,,,,,,,,,,,,,,,,,,,,,,,,,,,,,,,,,,,,,,,,,,,,,,,,,,,,
765.337987693223,-307.8033834644717,99.88829984946264,-203.051806936456,16.290365185416704,,,,,,,,,,,,,,,,,,,,,,,,,,,,,,,,,,,,,,,,,,,,,,,,,,,,,,,,,,,,,,,,,,,,,,,,,,,,,,,,,,,,,,,,,,,,,,,
348.7716868867775,215.6771053657261,14.323296154588125,1040.3807180459685,71.48896584375919,,,,,,,,,,,,,,,,,,,,,,,,,,,,,,,,,,,,,,,,,,,,,,,,,,,,,,,,,,,,,,,,,,,,,,,,,,,,,,,,,,,,,,,,,,,,,,,
1659.1898807352522,703.1474047876222,351.0194206209956,454.1959860784378,58.62076572712728,,,,,,,,,,,,,,,,,,,,,,,,,,,,,,,,,,,,,,,,,,,,,,,,,,,,,,,,,,,,,,,,,,,,,,,,,,,,,,,,,,,,,,,,,,,,,,,
1607.032846564966,78.02383446392314,87.01034119729957,449.03798584970144,182.493214586053,,,,,,,,,,,,,,,,,,,,,,,,,,,,,,,,,,,,,,,,,,,,,,,,,,,,,,,,,,,,,,,,,,,,,,,,,,,,,,,,,,,,,,,,,,,,,,,
965.7478189403034,460.5706853054544,59.24383853380256,872.1649573193245,-343.7971345138344,,,,,,,,,,,,,,,,,,,,,,,,,,,,,,,,,,,,,,,,,,,,,,,,,,,,,,,,,,,,,,,,,,,,,,,,,,,,,,,,,,,,,,,,,,,,,,,
520.91202093347,-66.9934176346182,-123.01585854665166,1028.1197171916583,-420.32065679354776,,,,,,,,,,,,,,,,,,,,,,,,,,,,,,,,,,,,,,,,,,,,,,,,,,,,,,,,,,,,,,,,,,,,,,,,,,,,,,,,,,,,,,,,,,,,,,,
-168.537056888801,-23.33884451693599,11.327012472655786,-44.768401383275766,-3.892047037720635,-8.9452454862704,,,,,,,,,,,,,,,,,,,,,,,,,,,,,,,,,,,,,,,,,,,,,,,,,,,,,,,,,,,,,,,,,,,,,,,,,,,,,,,,,,,,,,,,,,,,,,
873.4395561520938,-394.38599041893616,129.46332014020257,-142.42928514926018,28.304171330643825,-105.27226547236852,,,,,,,,,,,,,,,,,,,,,,,,,,,,,,,,,,,,,,,,,,,,,,,,,,,,,,,,,,,,,,,,,,,,,,,,,,,,,,,,,,,,,,,,,,,,,,
575.7006559926621,-560.8308226296119,-3.630411007908808,145.09106878922353,-10.4557577601406,4.931589693760629,,,,,,,,,,,,,,,,,,,,,,,,,,,,,,,,,,,,,,,,,,,,,,,,,,,,,,,,,,,,,,,,,,,,,,,,,,,,,,,,,,,,,,,,,,,,,,
1659.1898748346484,703.1473738593025,351.0239308752386,454.19393524968535,58.73219238931247,-174.2123719446776,,,,,,,,,,,,,,,,,,,,,,,,,,,,,,,,,,,,,,,,,,,,,,,,,,,,,,,,,,,,,,,,,,,,,,,,,,,,,,,,,,,,,,,,,,,,,,
1607.0328394899682,78.02379566458833,87.01342918492213,449.0317886190556,182.5768614098209,30.95287519267476,,,,,,,,,,,,,,,,,,,,,,,,,,,,,,,,,,,,,,,,,,,,,,,,,,,,,,,,,,,,,,,,,,,,,,,,,,,,,,,,,,,,,,,,,,,,,,
965.7478092641464,460.57059967804224,59.24072750469406,872.165917420141,-343.841468465074,14.381561376282985,,,,,,,,,,,,,,,,,,,,,,,,,,,,,,,,,,,,,,,,,,,,,,,,,,,,,,,,,,,,,,,,,,,,,,,,,,,,,,,,,,,,,,,,,,,,,,
520.9120194375855,-66.99342059433006,-123.01266887787656,1028.1257232377588,-420.1687019460529,224.4482000961937,,,,,,,,,,,,,,,,,,,,,,,,,,,,,,,,,,,,,,,,,,,,,,,,,,,,,,,,,,,,,,,,,,,,,,,,,,,,,,,,,,,,,,,,,,,,,,
-168.1295777472927,-23.102129255176067,10.886359186390596,-46.561793209365234,-4.315152723326103,-9.562106581560949,4.199996768548802,,,,,,,,,,,,,,,,,,,,,,,,,,,,,,,,,,,,,,,,,,,,,,,,,,,,,,,,,,,,,,,,,,,,,,,,,,,,,,,,,,,,,,,,,,,,,
646.5339768287944,-422.8600821804095,53.1029627910448,-74.46282854149004,10.432957371793451,-25.09877282179344,-203.95463159483663,,,,,,,,,,,,,,,,,,,,,,,,,,,,,,,,,,,,,,,,,,,,,,,,,,,,,,,,,,,,,,,,,,,,,,,,,,,,,,,,,,,,,,,,,,,,,
276.9918100320607,337.9703390372306,133.3112134567277,929.6353747862796,200.5883825546855,241.49064288187628,61.75702885942037,,,,,,,,,,,,,,,,,,,,,,,,,,,,,,,,,,,,,,,,,,,,,,,,,,,,,,,,,,,,,,,,,,,,,,,,,,,,,,,,,,,,,,,,,,,,,
691.1828012303723,324.77036056860334,-480.515853325788,799.5467425617536,-213.31653387282395,342.05957093501013,313.4536312329409,,,,,,,,,,,,,,,,,,,,,,,,,,,,,,,,,,,,,,,,,,,,,,,,,,,,,,,,,,,,,,,,,,,,,,,,,,,,,,,,,,,,,,,,,,,,,
1659.1898844603784,703.1473486286307,351.0237322642233,454.1877655431849,58.668776504790976,-173.92477040375735,119.7983563538086,,,,,,,,,,,,,,,,,,,,,,,,,,,,,,,,,,,,,,,,,,,,,,,,,,,,,,,,,,,,,,,,,,,,,,,,,,,,,,,,,,,,,,,,,,,,,
1607.0328472271342,78.02382627883887,87.01339539220777,449.0337099827592,182.52186305396148,30.406059365662067,114.18402626140085,,,,,,,,,,,,,,,,,,,,,,,,,,,,,,,,,,,,,,,,,,,,,,,,,,,,,,,,,,,,,,,,,,,,,,,,,,,,,,,,,,,,,,,,,,,,,
965.7478120399654,460.5705866546264,59.23796037731351,872.1684742829544,-343.8840419648662,15.27829737344407,452.9721385815259,,,,,,,,,,,,,,,,,,,,,,,,,,,,,,,,,,,,,,,,,,,,,,,,,,,,,,,,,,,,,,,,,,,,,,,,,,,,,,,,,,,,,,,,,,,,,
520.9120232579709,-66.99344193842123,-123.00993210950666,1028.1108308769965,-420.1813800028669,223.69675240997407,-26.28210521008363,,,,,,,,,,,,,,,,,,,,,,,,,,,,,,,,,,,,,,,,,,,,,,,,,,,,,,,,,,,,,,,,,,,,,,,,,,,,,,,,,,,,,,,,,,,,,
436.26571308966095,-152.09691750829117,217.4888655395237,811.6729180123087,251.5629986272446,288.652907952402,310.72170028049544,,,,,,,,,,,,,,,,,,,,,,,,,,,,,,,,,,,,,,,,,,,,,,,,,,,,,,,,,,,,,,,,,,,,,,,,,,,,,,,,,,,,,,,,,,,,,
-167.2068035073602,-25.21978805546159,8.598392461017104,-46.157407822290914,-3.010155572434696,-10.430627098076604,4.636974697852935,0.0517112492354816,,,,,,,,,,,,,,,,,,,,,,,,,,,,,,,,,,,,,,,,,,,,,,,,,,,,,,,,,,,,,,,,,,,,,,,,,,,,,,,,,,,,,,,,,,,,
817.8575812772765,-511.41605213727,97.55513305940636,-38.40253857614799,30.27968776781915,-60.91270395760584,-204.1591886725884,34.09691205003295,,,,,,,,,,,,,,,,,,,,,,,,,,,,,,,,,,,,,,,,,,,,,,,,,,,,,,,,,,,,,,,,,,,,,,,,,,,,,,,,,,,,,,,,,,,,
747.0634777473837,328.6011663492451,-355.7928676221958,724.0881482511368,-82.43077891899155,361.4203245330447,280.848640490521,-37.76203128009988,,,,,,,,,,,,,,,,,,,,,,,,,,,,,,,,,,,,,,,,,,,,,,,,,,,,,,,,,,,,,,,,,,,,,,,,,,,,,,,,,,,,,,,,,,,,
1659.189884182358,703.1473922870423,351.0221536977047,454.1912527676106,58.70105241486093,-173.63811251403862,120.01732523910135,-212.8227733360482,,,,,,,,,,,,,,,,,,,,,,,,,,,,,,,,,,,,,,,,,,,,,,,,,,,,,,,,,,,,,,,,,,,,,,,,,,,,,,,,,,,,,,,,,,,,
1342.313015489089,345.2817019399924,407.5757266194649,546.0394971495798,-78.13147429156943,-403.62760710023326,467.6095004693236,9.317097761304202,,,,,,,,,,,,,,,,,,,,,,,,,,,,,,,,,,,,,,,,,,,,,,,,,,,,,,,,,,,,,,,,,,,,,,,,,,,,,,,,,,,,,,,,,,,,
965.7478092301368,460.5706092158592,59.23898177532926,872.1643923200244,-343.8747241592488,14.897349510442446,452.4533796196265,193.57039274177268,,,,,,,,,,,,,,,,,,,,,,,,,,,,,,,,,,,,,,,,,,,,,,,,,,,,,,,,,,,,,,,,,,,,,,,,,,,,,,,,,,,,,,,,,,,,
520.9120268883872,-66.99348021785951,-123.01188995207085,1028.1171052194666,-420.1581756613966,224.46752298249072,-25.52950400387673,-87.26714172747,,,,,,,,,,,,,,,,,,,,,,,,,,,,,,,,,,,,,,,,,,,,,,,,,,,,,,,,,,,,,,,,,,,,,,,,,,,,,,,,,,,,,,,,,,,,
436.26571372075455,-152.09697925308635,217.4877083740033,811.6749769044922,251.54673993440213,289.40674631428635,311.4663703806275,-158.53813037066251,,,,,,,,,,,,,,,,,,,,,,,,,,,,,,,,,,,,,,,,,,,,,,,,,,,,,,,,,,,,,,,,,,,,,,,,,,,,,,,,,,,,,,,,,,,,
-166.25405297223637,-26.276902508500537,8.703944295781955,-43.87699245819135,-2.0256201202667623,-10.17650459845492,5.249161699850645,0.1087615247944042,-6.893862607481902,,,,,,,,,,,,,,,,,,,,,,,,,,,,,,,,,,,,,,,,,,,,,,,,,,,,,,,,,,,,,,,,,,,,,,,,,,,,,,,,,,,,,,,,,,,
759.9732229919423,-555.8406821919907,66.0463430027579,30.6116996957128,19.12577166269428,-24.57459386873344,-229.2101825821245,52.32411546131854,10.54027948871406,,,,,,,,,,,,,,,,,,,,,,,,,,,,,,,,,,,,,,,,,,,,,,,,,,,,,,,,,,,,,,,,,,,,,,,,,,,,,,,,,,,,,,,,,,,
371.2005271875548,363.89873178837206,57.09099043394144,1004.0523496106748,28.10704754560711,174.2145091506964,25.52525482640526,141.342173564325,47.33086365348986,,,,,,,,,,,,,,,,,,,,,,,,,,,,,,,,,,,,,,,,,,,,,,,,,,,,,,,,,,,,,,,,,,,,,,,,,,,,,,,,,,,,,,,,,,,
749.2416746970048,275.8638718617112,-407.7409376501037,746.2633450416312,-147.18031280660347,322.4417536097433,239.31039984684568,-61.06455152719658,-98.0472427823825,,,,,,,,,,,,,,,,,,,,,,,,,,,,,,,,,,,,,,,,,,,,,,,,,,,,,,,,,,,,,,,,,,,,,,,,,,,,,,,,,,,,,,,,,,,
1342.3130150261118,345.2817065019223,407.5754971644827,546.0385762987831,-78.10941903879588,-403.8278262403481,467.3223932762854,9.709927313908077,-313.6854403289012,,,,,,,,,,,,,,,,,,,,,,,,,,,,,,,,,,,,,,,,,,,,,,,,,,,,,,,,,,,,,,,,,,,,,,,,,,,,,,,,,,,,,,,,,,,
965.7478131031312,460.5705650144756,59.23913544591977,872.1658733403466,-343.8596833939679,14.68141873044414,452.8039730376375,193.0646840620473,-170.18531880722915,,,,,,,,,,,,,,,,,,,,,,,,,,,,,,,,,,,,,,,,,,,,,,,,,,,,,,,,,,,,,,,,,,,,,,,,,,,,,,,,,,,,,,,,,,,
565.0467236924819,271.1691405234885,-647.4161607618751,613.5922552018882,-41.30718918871944,266.0956691372003,-451.3766727928062,-270.4342323715196,390.2462866165173,,,,,,,,,,,,,,,,,,,,,,,,,,,,,,,,,,,,,,,,,,,,,,,,,,,,,,,,,,,,,,,,,,,,,,,,,,,,,,,,,,,,,,,,,,,
520.9120216156203,-66.99344790765433,-123.01310041580938,1028.115949453996,-420.13576408115904,224.4880844813104,-25.996848267518835,-86.77021029012529,307.4728586184827,,,,,,,,,,,,,,,,,,,,,,,,,,,,,,,,,,,,,,,,,,,,,,,,,,,,,,,,,,,,,,,,,,,,,,,,,,,,,,,,,,,,,,,,,,,
426.8593527207245,-36.78662034462865,-238.5287927650077,1008.5136651631072,101.631311608711,148.35275651786117,-119.78918139320946,229.0437605478749,-264.5592152458304,,,,,,,,,,,,,,,,,,,,,,,,,,,,,,,,,,,,,,,,,,,,,,,,,,,,,,,,,,,,,,,,,,,,,,,,,,,,,,,,,,,,,,,,,,,
-165.26655711831907,-26.12870630314315,8.76551137784028,-44.50157877217097,-2.1981191515677407,-9.681888614791747,4.4868512768637565,-0.1503864029155017,-7.118800650717136,-10.370334794337102,,,,,,,,,,,,,,,,,,,,,,,,,,,,,,,,,,,,,,,,,,,,,,,,,,,,,,,,,,,,,,,,,,,,,,,,,,,,,,,,,,,,,,,,,,
670.9381181205919,-476.398787154278,46.25038752393249,-29.88423081957977,4.863451844219081,-9.048626601954432,-232.9670167696536,38.18676664695918,19.29868237895269,-87.19409961011043,,,,,,,,,,,,,,,,,,,,,,,,,,,,,,,,,,,,,,,,,,,,,,,,,,,,,,,,,,,,,,,,,,,,,,,,,,,,,,,,,,,,,,,,,,
748.8089033888568,309.60384628342376,-316.0567970173712,693.4965933809082,15.636998311719427,354.46998397174883,289.7422944831453,-4.565714581137752,-214.4517799255527,142.3749207177225,,,,,,,,,,,,,,,,,,,,,,,,,,,,,,,,,,,,,,,,,,,,,,,,,,,,,,,,,,,,,,,,,,,,,,,,,,,,,,,,,,,,,,,,,,
1659.1898851243448,703.1473854953906,351.0222097110709,454.1904465582358,58.69041952092604,-173.68306699507414,120.0937893231281,-212.89524665813445,-138.26873518635483,-286.9694889569946,,,,,,,,,,,,,,,,,,,,,,,,,,,,,,,,,,,,,,,,,,,,,,,,,,,,,,,,,,,,,,,,,,,,,,,,,,,,,,,,,,,,,,,,,,
1607.0328454994312,78.02383106467165,87.0113846879312,449.037985218738,182.53454582146048,31.195619556600445,114.77215720323017,-77.84565545370121,90.6959501077539,424.087019226238,,,,,,,,,,,,,,,,,,,,,,,,,,,,,,,,,,,,,,,,,,,,,,,,,,,,,,,,,,,,,,,,,,,,,,,,,,,,,,,,,,,,,,,,,,
1342.3130153604206,345.2817155617589,407.5756197906354,546.0406222808674,-78.12675949426708,-403.66648638928496,467.5776845476778,9.35590077820473,-313.46948301910265,107.907917299957,,,,,,,,,,,,,,,,,,,,,,,,,,,,,,,,,,,,,,,,,,,,,,,,,,,,,,,,,,,,,,,,,,,,,,,,,,,,,,,,,,,,,,,,,,
1317.5580286109189,366.71705121675416,-11.274704477410658,511.37044167028967,-149.31645288654104,-6.275741194602818,98.35727207806352,-165.8844353704918,41.62090877170877,-166.3038378266791,,,,,,,,,,,,,,,,,,,,,,,,,,,,,,,,,,,,,,,,,,,,,,,,,,,,,,,,,,,,,,,,,,,,,,,,,,,,,,,,,,,,,,,,,,
965.747814682372,460.5706010546603,59.2392967463751,872.1642429326827,-343.8700134979878,14.634608220713844,452.28766563020014,193.3869443117794,-169.80927700023452,134.2236646193985,,,,,,,,,,,,,,,,,,,,,,,,,,,,,,,,,,,,,,,,,,,,,,,,,,,,,,,,,,,,,,,,,,,,,,,,,,,,,,,,,,,,,,,,,,
520.9120213230304,-66.99343059961586,-123.0123868769327,1028.1183440065686,-420.155232273574,224.69723124668192,-25.629325958037604,-86.90023886410744,308.0116115722297,1.2848933787466137,,,,,,,,,,,,,,,,,,,,,,,,,,,,,,,,,,,,,,,,,,,,,,,,,,,,,,,,,,,,,,,,,,,,,,,,,,,,,,,,,,,,,,,,,,
-164.01415685185606,-23.85680351035193,8.354474733761396,-44.35193439254773,-2.416374983634622,-8.92271716629517,4.305596497377668,0.3646828955671082,-6.596100470963209,-8.869941842053573,8.0110992712029,1.7611301951285945,4.220583167152505,5.0726175781086775,-5.587628738876097,,,,,,,,,,,,,,,,,,,,,,,,,,,,,,,,,,,,,,,,,,,,,,,,,,,,,,,,,,,,,,,,,,,,,,,,,,,,,,,,,,,,,
712.6423664795707,-465.8632695169791,66.21585975743213,-63.884117595016846,5.185869544104954,-21.39407653056773,-228.78086643754688,42.213902555233005,16.468603588286083,-91.0064088725812,36.680133675878814,-2.988659209029483,-58.59864449901941,18.449969980570074,-26.001338791734387,,,,,,,,,,,,,,,,,,,,,,,,,,,,,,,,,,,,,,,,,,,,,,,,,,,,,,,,,,,,,,,,,,,,,,,,,,,,,,,,,,,,,
873.833164705356,-70.96265293196886,-163.37840158759,471.1495849800245,-97.7462756877218,11.129026519490642,184.63715689361948,-170.98401018773495,-153.68578588531156,-218.89457778506448,-348.1149179823022,136.93552791716218,-79.3834250202857,174.9520642362629,77.02702630797641,,,,,,,,,,,,,,,,,,,,,,,,,,,,,,,,,,,,,,,,,,,,,,,,,,,,,,,,,,,,,,,,,,,,,,,,,,,,,,,,,,,,,
690.5336436264768,375.380309837019,-342.99063071052524,720.3995892772731,30.89661039072792,390.6657259849501,389.81987369196713,3.037856436716586,-260.1419979092874,206.88470160694945,-113.45992503568245,51.75575573757353,-48.65640332515446,82.34648745965134,-75.56010539628838,,,,,,,,,,,,,,,,,,,,,,,,,,,,,,,,,,,,,,,,,,,,,,,,,,,,,,,,,,,,,,,,,,,,,,,,,,,,,,,,,,,,,
1607.032845698391,78.0238299191459,87.01138492531139,449.0378498055912,182.53183819707067,31.178201569354712,114.78087409232722,-77.93403475550669,90.81884548640988,424.2808660458047,63.355070333887,-144.54878339205132,129.2788474076143,-40.541745814991486,-1.2416663648912467,,,,,,,,,,,,,,,,,,,,,,,,,,,,,,,,,,,,,,,,,,,,,,,,,,,,,,,,,,,,,,,,,,,,,,,,,,,,,,,,,,,,,
1317.5580287123855,366.7170494793319,-11.27457432075531,511.3709362267308,-149.31327574212617,-6.27530566984531,98.56501655732012,-165.93903989167148,41.67813337096384,-165.35242434463063,-17.78029793340171,-78.90134882958264,-411.6493456838711,-22.60935720280697,19.93861896403855,,,,,,,,,,,,,,,,,,,,,,,,,,,,,,,,,,,,,,,,,,,,,,,,,,,,,,,,,,,,,,,,,,,,,,,,,,,,,,,,,,,,,
520.9120221732848,-66.99343059335368,-123.01259539454828,1028.117478943683,-420.1610437162166,224.6280831545429,-25.616405001686697,-87.08415567375324,308.02560492893394,1.5083479614189794,-38.4363651195969,-175.82888600460382,-11.429029462986078,23.760018333578365,-218.1558631356785,,,,,,,,,,,,,,,,,,,,,,,,,,,,,,,,,,,,,,,,,,,,,,,,,,,,,,,,,,,,,,,,,,,,,,,,,,,,,,,,,,,,,
-162.98367324207035,-24.72801723417258,7.364343511117641,-43.7928778896727,-2.0131774051828573,-8.903064967109842,4.307324679802295,1.92934078818658,-6.463789418443342,-8.492197456231203,8.268466382892735,1.8480472080928685,4.37896515612488,4.720994737075864,-5.45568133422046,2.060038604915892,2.775534062683983,-1.6816076051954938,1.8758137763976488,2.5254729753722573,,,,,,,,,,,,,,,,,,,,,,,,,,,,,,,,,,,,,,,,,,,,,,,,,,,,,,,,,,,,,,,,,,,,,,,,,,,,,,,,
832.8487928718973,-381.5247316183759,119.18527170556212,-184.0011305167021,36.14075731460753,-52.176454165843246,-166.7218016964027,32.30702643568491,-45.61856447402759,-98.17315862611017,51.19816925156539,2.397654075512911,-15.730277973244718,4.10672534287652,-46.55435202564502,-8.765833888655102,16.696970188202727,18.03746723822173,-54.9241866772014,-37.77154716776073,,,,,,,,,,,,,,,,,,,,,,,,,,,,,,,,,,,,,,,,,,,,,,,,,,,,,,,,,,,,,,,,,,,,,,,,,,,,,,,,
515.5879399852219,-75.26290939997165,54.63293522702818,747.6245761719124,149.5267767015153,125.89798548221373,-14.878754136802147,-3.0625112702337165,141.90942578289793,125.58175965944538,-158.8125165620389,-224.09492859890543,41.467089946412166,218.6392806635323,21.49635398238293,-17.914182910235233,107.54907966657974,41.07878183950535,115.47336942682172,221.96961161897528,,,,,,,,,,,,,,,,,,,,,,,,,,,,,,,,,,,,,,,,,,,,,,,,,,,,,,,,,,,,,,,,,,,,,,,,,,,,,,,,
1607.0328457581222,78.02383022451464,87.01135589120518,449.03771582750784,182.53212421578,31.170072675869687,114.79616643189875,-77.92784629939491,90.75581835170466,424.3319152022186,63.408473836864346,-144.49982640525323,129.36456656123028,-39.41000972088705,-2.951399880036445,-70.34758664894122,-114.38513834001516,-3.105036400892734,20.498587351379125,-29.88655860246308,,,,,,,,,,,,,,,,,,,,,,,,,,,,,,,,,,,,,,,,,,,,,,,,,,,,,,,,,,,,,,,,,,,,,,,,,,,,,,,,
918.1876224274898,-107.66901802069684,-116.90524169510893,597.5539978298818,-83.59722382554263,27.356575054866425,225.7488036257253,-42.40180687934743,-198.08770748149485,-183.4473842362183,-416.3577189131548,64.56223304471132,-95.90509779155713,172.8323014171322,117.60524658063414,36.25188130459513,-66.65977230371055,-25.89189108596129,69.680315388065,42.15908881009644,,,,,,,,,,,,,,,,,,,,,,,,,,,,,,,,,,,,,,,,,,,,,,,,,,,,,,,,,,,,,,,,,,,,,,,,,,,,,,,,
740.5288964651982,486.8131135713927,-199.947788114278,657.5742425898328,111.84261225411151,478.23321552044894,405.5344649387299,31.71537297676727,-306.2755245896471,142.90151447699915,-73.48221824707076,5.922897018883751,-89.76689075135954,8.026752504524255,-72.81384894525944,-75.49326173220415,14.749634849361597,86.16778839739234,244.8012082507755,-20.50137432051786,,,,,,,,,,,,,,,,,,,,,,,,,,,,,,,,,,,,,,,,,,,,,,,,,,,,,,,,,,,,,,,,,,,,,,,,,,,,,,,,
687.2105746907085,700.0889333443025,233.12575431929903,30.390118225705347,-150.5166633598614,390.3738380033837,29.57242664324873,4.514129257479277,446.5608656661564,93.43371062233814,-63.96756215218678,-55.86323055544021,-18.13035943781768,-179.77732044704783,-33.330554569798814,81.91641733717083,83.9384904840774,209.8811470641255,6.002159249397873,-104.23575148116728,,,,,,,,,,,,,,,,,,,,,,,,,,,,,,,,,,,,,,,,,,,,,,,,,,,,,,,,,,,,,,,,,,,,,,,,,,,,,,,,
237.6292612165145,-284.237847847035,115.71673383310062,760.9833882083136,6.457696046617577,363.6475603229344,-118.48276513698796,33.46928068241062,-92.02025832797362,419.0420022302517,-184.41647337371904,-100.31095699019096,-71.44390974448717,-90.56040068879526,-92.56172980384436,-14.222469679106569,93.71068844979646,30.458570272051915,30.17059196689524,30.19300096305733,,,,,,,,,,,,,,,,,,,,,,,,,,,,,,,,,,,,,,,,,,,,,,,,,,,,,,,,,,,,,,,,,,,,,,,,,,,,,,,,
-168.17673868391418,-23.4288639864779,10.70980665142833,-46.81991935353872,-5.2773087289803495,,,,,,,,,,,,,,,,,,,,,,,,,,,,,,,,,,,,,,,,,,,,,,,,,,,,,,,,,,,,,,,,,,,,,,,,,,,,,,,,,,,,,,,,,,,,,,,
756.9871771228986,-301.774881968608,99.23636243233692,-206.5987830856617,17.526170078771397,,,,,,,,,,,,,,,,,,,,,,,,,,,,,,,,,,,,,,,,,,,,,,,,,,,,,,,,,,,,,,,,,,,,,,,,,,,,,,,,,,,,,,,,,,,,,,,
348.7716835628738,215.6769788829552,14.32470043252162,1040.3935347783945,71.78826730343842,,,,,,,,,,,,,,,,,,,,,,,,,,,,,,,,,,,,,,,,,,,,,,,,,,,,,,,,,,,,,,,,,,,,,,,,,,,,,,,,,,,,,,,,,,,,,,,
773.378159373409,-32.52222974894385,-746.6312228746295,726.7187098830209,11.175747480979007,,,,,,,,,,,,,,,,,,,,,,,,,,,,,,,,,,,,,,,,,,,,,,,,,,,,,,,,,,,,,,,,,,,,,,,,,,,,,,,,,,,,,,,,,,,,,,,
1607.0328426026597,78.02374077192874,87.01061143259851,449.039046484832,182.56086513102383,,,,,,,,,,,,,,,,,,,,,,,,,,,,,,,,,,,,,,,,,,,,,,,,,,,,,,,,,,,,,,,,,,,,,,,,,,,,,,,,,,,,,,,,,,,,,,,
965.7478157157656,460.570724256297,59.24056090550832,872.1571324334378,-343.9538073004989,,,,,,,,,,,,,,,,,,,,,,,,,,,,,,,,,,,,,,,,,,,,,,,,,,,,,,,,,,,,,,,,,,,,,,,,,,,,,,,,,,,,,,,,,,,,,,,
520.9120127674001,-66.99371154920597,-123.01254137865116,1028.145837691441,-419.72921277267966,,,,,,,,,,,,,,,,,,,,,,,,,,,,,,,,,,,,,,,,,,,,,,,,,,,,,,,,,,,,,,,,,,,,,,,,,,,,,,,,,,,,,,,,,,,,,,,
-165.6526728159974,-26.0637631160546,8.79334458763064,-44.86453378870622,-2.335435502377998,-9.768160038302348,4.424038612097788,-0.1639001841602788,-7.166803069840255,-10.489192078131914,,,,,,,,,,,,,,,,,,,,,,,,,,,,,,,,,,,,,,,,,,,,,,,,,,,,,,,,,,,,,,,,,,,,,,,,,,,,,,,,,,,,,,,,,,
670.4919821157237,-476.1144800205344,45.640872022397176,-30.512800780638333,3.511631562198094,-9.297457024439792,-233.71820750021027,37.382405499779935,19.345541717388915,-87.45628460558362,,,,,,,,,,,,,,,,,,,,,,,,,,,,,,,,,,,,,,,,,,,,,,,,,,,,,,,,,,,,,,,,,,,,,,,,,,,,,,,,,,,,,,,,,,
748.8089035640274,309.6038431083601,-316.0569091222831,693.4972778625066,15.639810880436391,354.4759223978292,289.8607549212349,-4.838816583045655,-214.63190449457247,143.03051981631245,,,,,,,,,,,,,,,,,,,,,,,,,,,,,,,,,,,,,,,,,,,,,,,,,,,,,,,,,,,,,,,,,,,,,,,,,,,,,,,,,,,,,,,,,,
1659.18988547437,703.1473863455341,351.02239198442226,454.1899934476806,58.69265749380884,-173.66138383191736,119.98391710293826,-212.49017499448493,-137.8259407821522,-287.7237110807508,,,,,,,,,,,,,,,,,,,,,,,,,,,,,,,,,,,,,,,,,,,,,,,,,,,,,,,,,,,,,,,,,,,,,,,,,,,,,,,,,,,,,,,,,,
1607.0328456225811,78.02383084066808,87.01122818474356,449.03823770770975,182.5329574190821,31.167870229354847,114.83628218405288,-78.09693461608157,90.51129230722532,424.44316193310993,,,,,,,,,,,,,,,,,,,,,,,,,,,,,,,,,,,,,,,,,,,,,,,,,,,,,,,,,,,,,,,,,,,,,,,,,,,,,,,,,,,,,,,,,,
1342.3130154210846,345.2817181747652,407.57580626799546,546.0394134749896,-78.12702096100736,-403.727696343894,467.4829694819522,9.611568104463172,-313.0512043319194,107.31984948219883,,,,,,,,,,,,,,,,,,,,,,,,,,,,,,,,,,,,,,,,,,,,,,,,,,,,,,,,,,,,,,,,,,,,,,,,,,,,,,,,,,,,,,,,,,
1317.5580287746377,366.7170512790404,-11.274698871628985,511.3715141349323,-149.3081978106392,-6.255861796073235,98.64267400834406,-166.10212207371228,41.5668947799813,-165.0609381677657,,,,,,,,,,,,,,,,,,,,,,,,,,,,,,,,,,,,,,,,,,,,,,,,,,,,,,,,,,,,,,,,,,,,,,,,,,,,,,,,,,,,,,,,,,
965.7478139442974,460.570606797706,59.23961224795473,872.1649618209915,-343.8636974481867,14.683932362369688,452.40309001740206,193.68054383827587,-169.44215327829716,134.54237993134046,,,,,,,,,,,,,,,,,,,,,,,,,,,,,,,,,,,,,,,,,,,,,,,,,,,,,,,,,,,,,,,,,,,,,,,,,,,,,,,,,,,,,,,,,,
520.9120220404941,-66.99342779785829,-123.0126795746626,1028.1176917311122,-420.1602670566581,224.6412292218901,-25.60528225201844,-87.14590197775703,307.8116277220216,1.6977085536211056,,,,,,,,,,,,,,,,,,,,,,,,,,,,,,,,,,,,,,,,,,,,,,,,,,,,,,,,,,,,,,,,,,,,,,,,,,,,,,,,,,,,,,,,,,
-164.50213245692265,-23.98944844423341,8.33515599661994,-44.7407989765463,-2.499067975937568,-8.982859447998868,4.3816449795825525,0.3662816011639936,-6.661899257213829,-9.034302040053912,8.025489616598867,1.7811944368335488,4.208049029306213,5.18565746842504,-5.692570454243171,,,,,,,,,,,,,,,,,,,,,,,,,,,,,,,,,,,,,,,,,,,,,,,,,,,,,,,,,,,,,,,,,,,,,,,,,,,,,,,,,,,,,
717.9525796910251,-470.6247100340041,68.06171852636332,-61.83532610725021,8.21148154459167,-23.82395737817368,-231.23415472082303,41.81068529947119,14.373593673526267,-91.33306140921744,35.55473662427735,-4.422695007073983,-57.03808471188884,18.207877172131123,-29.14590506395597,,,,,,,,,,,,,,,,,,,,,,,,,,,,,,,,,,,,,,,,,,,,,,,,,,,,,,,,,,,,,,,,,,,,,,,,,,,,,,,,,,,,,
873.8331645866688,-70.96265387850876,-163.37835045407584,471.1498533077679,-97.74693335269932,11.143074926264584,184.6263515123572,-170.95217881861197,-153.61033500972334,-219.0027007054432,-348.1040457098229,136.93506076582958,-79.67030844401678,174.386853389479,78.74718483157845,,,,,,,,,,,,,,,,,,,,,,,,,,,,,,,,,,,,,,,,,,,,,,,,,,,,,,,,,,,,,,,,,,,,,,,,,,,,,,,,,,,,,
690.5336435815848,375.3803093133653,-342.99063068807584,720.3996206979575,30.89627596306121,390.6666788465466,389.8309451747938,3.066522578210368,-260.1474631673044,206.85117589953592,-113.43273374317349,51.7650533406241,-48.8188061518448,83.04154865880139,-76.15426061045324,,,,,,,,,,,,,,,,,,,,,,,,,,,,,,,,,,,,,,,,,,,,,,,,,,,,,,,,,,,,,,,,,,,,,,,,,,,,,,,,,,,,,
1607.0328458326626,78.02383110428893,87.01137709499689,449.03781365412345,182.53259896194152,31.170705895400697,114.77601809265336,-77.95150277828911,90.75851011474964,424.37748186012885,63.40150674794506,-144.4616865184574,129.5099296683008,-39.51813014901904,-2.11412584931836,,,,,,,,,,,,,,,,,,,,,,,,,,,,,,,,,,,,,,,,,,,,,,,,,,,,,,,,,,,,,,,,,,,,,,,,,,,,,,,,,,,,,
1317.5580284587052,366.7170482161543,-11.274551192868955,511.3711246316563,-149.31356099919,-6.267518348865144,98.56346222778924,-165.97906576252697,41.8214340255612,-165.5544524254474,-18.015901613904,-79.16830074576691,-412.1701136464664,-26.264975740425108,23.872130689613595,,,,,,,,,,,,,,,,,,,,,,,,,,,,,,,,,,,,,,,,,,,,,,,,,,,,,,,,,,,,,,,,,,,,,,,,,,,,,,,,,,,,,
520.9120222123479,-66.99343152789025,-123.01253508982536,1028.117585684637,-420.1599803678009,224.63614849880008,-25.645350688773355,-87.10012233459041,308.0451556350569,1.5420206181333065,-38.44607472071837,-175.87204135095973,-11.184638202962644,22.292146775746563,-216.9764612447884,,,,,,,,,,,,,,,,,,,,,,,,,,,,,,,,,,,,,,,,,,,,,,,,,,,,,,,,,,,,,,,,,,,,,,,,,,,,,,,,,,,,,
-163.4775982560731,-24.9072380826951,7.453715357528974,-44.090361368752546,-2.091353581849604,-8.925901751646906,4.401349498422517,1.9019117847294598,-6.55086485568214,-8.597515287956147,8.268908456260382,1.8369954917893245,4.379043359099216,4.803493783841615,-5.546207962630389,2.1227564944993005,2.8709067003141464,-1.6843886444879692,1.8427187062642556,-2.602823282258439,,,,,,,,,,,,,,,,,,,,,,,,,,,,,,,,,,,,,,,,,,,,,,,,,,,,,,,,,,,,,,,,,,,,,,,,,,,,,,,,
889.7654869755359,-347.46891723095126,142.9132199647841,-220.57808044930556,34.38388006781916,-75.54121306963364,-127.43457100346849,14.334485185450113,-70.81133175587905,-96.92710333443463,62.73394040586679,11.481212954777194,10.428069995684746,-2.7196151453117405,-47.712971094364605,-7.379202649442717,3.7569553300508427,26.966500835485988,-76.39953480609772,41.62014913152059,,,,,,,,,,,,,,,,,,,,,,,,,,,,,,,,,,,,,,,,,,,,,,,,,,,,,,,,,,,,,,,,,,,,,,,,,,,,,,,,
515.5879399025536,-75.26291023790132,54.63295858361924,747.6245696277608,149.52690989014678,125.9002284708627,-14.880296750281046,-3.077608014142545,141.890232987043,125.62850029813605,-158.8823143307747,-224.12969095639977,41.253755099108155,218.23633159387018,22.09719578397065,-17.143372977430587,106.74521985331805,41.80867444482969,117.72735602469783,-222.27976398452478,,,,,,,,,,,,,,,,,,,,,,,,,,,,,,,,,,,,,,,,,,,,,,,,,,,,,,,,,,,,,,,,,,,,,,,,,,,,,,,,
1607.0328457602475,78.02383020002007,87.01135182127149,449.0377121651561,182.5321129140177,31.16997690139329,114.79507748193056,-77.9240778271069,90.75692359628141,424.3311040736746,63.39621316218235,-144.46481371408373,129.38221427970012,-39.33551731386759,-3.1488500289838104,-70.23563103181665,-114.48307748315159,-4.07699788082646,20.268047554016448,26.853629695306296,,,,,,,,,,,,,,,,,,,,,,,,,,,,,,,,,,,,,,,,,,,,,,,,,,,,,,,,,,,,,,,,,,,,,,,,,,,,,,,,
918.1876224474855,-107.66901751607199,-116.90525173655134,597.5540110262551,-83.59717096242115,27.35488480051938,225.75151198511227,-42.4020366997896,-198.07748991933175,-183.45127261721188,-416.3227197202116,64.54148650333605,-95.82866790543129,172.78020667082694,117.59476593673692,35.40207920151035,-66.2418175450663,-23.978757937911595,70.82299944479234,-39.23888493388399,,,,,,,,,,,,,,,,,,,,,,,,,,,,,,,,,,,,,,,,,,,,,,,,,,,,,,,,,,,,,,,,,,,,,,,,,,,,,,,,
740.5288964579757,486.8131134530219,-199.94779994168218,657.5742523437501,111.84279172722216,478.2335232943528,405.5304043604017,31.718757486795223,-306.26604825021474,142.8839840663862,-73.48308909718976,5.957941826487024,-89.75486386058425,8.139784842416349,-73.397504909743,-75.59571266270214,15.257256912575045,85.75879175441794,245.08817480847085,16.90333760955379,,,,,,,,,,,,,,,,,,,,,,,,,,,,,,,,,,,,,,,,,,,,,,,,,,,,,,,,,,,,,,,,,,,,,,,,,,,,,,,,
687.2105746590323,700.0889327829314,233.12576357873138,30.39010655343538,-150.51658148097437,390.3755572052289,29.571119535882445,4.513324070931217,446.55386795243095,93.45231760367788,-64.02319674993632,-55.841332104552606,-18.22782984793963,-179.84752671430715,-33.280509646818714,82.51199707443217,83.40699433787151,208.78771431062808,5.929858116041856,101.71694870632672,,,,,,,,,,,,,,,,,,,,,,,,,,,,,,,,,,,,,,,,,,,,,,,,,,,,,,,,,,,,,,,,,,,,,,,,,,,,,,,,
237.62926131369863,-284.23784674196924,115.71670610002128,760.9833880421382,6.457651216167657,363.64286147957154,-118.47671458846705,33.48189800461417,-91.99556699701704,419.0077537189818,-184.35776147551914,-100.28399534966239,-71.16240723019028,-90.25703684801552,-92.78921279679838,-15.508633681108124,94.05249328492837,30.51609904860186,28.66915491055625,-27.689097526132578,,,,,,,,,,,,,,,,,,,,,,,,,,,,,,,,,,,,,,,,,,,,,,,,,,,,,,,,,,,,,,,,,,,,,,,,,,,,,,,,
